{"cameraMode":{"drawMode":0,"name":"Shaded","section":"Shading Mode"},"sceneLighting":false,"audioPlay":false,"sceneViewState":{"showFog":true,"showMaterialUpdate":false,"showSkybox":false,"showFlares":true,"showImageEffects":true,"showParticleSystems":true},"in2DMode":false,"pivot":{"x":0.0,"y":4.4938435554504398,"z":17.35249900817871},"rotation":{"x":0.14852119982242585,"y":0.2045944780111313,"z":-0.031422488391399387,"w":0.9670073986053467},"size":9.73416519165039,"orthographic":true}