{"cameraMode":{"drawMode":0,"name":"Shaded","section":"Shading Mode"},"sceneLighting":true,"audioPlay":false,"sceneViewState":{"showFog":true,"showMaterialUpdate":false,"showSkybox":true,"showFlares":true,"showImageEffects":true,"showParticleSystems":true},"in2DMode":false,"pivot":{"x":200.30006408691407,"y":15.570901870727539,"z":118.40013122558594},"rotation":{"x":0.28372064232826235,"y":0.16013963520526887,"z":-0.04811777547001839,"w":0.9442242980003357},"size":119.06510925292969,"orthographic":true}