{"cameraMode":{"drawMode":0,"name":"Shaded","section":"Shading Mode"},"sceneLighting":false,"audioPlay":false,"sceneViewState":{"showFog":true,"showMaterialUpdate":false,"showSkybox":false,"showFlares":true,"showImageEffects":true,"showParticleSystems":true},"in2DMode":false,"pivot":{"x":-0.4317626953125,"y":4.13232421875,"z":14.947265625},"rotation":{"x":0.029996750876307489,"y":0.007763014640659094,"z":-0.0002931426861323416,"w":0.9995985627174377},"size":9.023097038269043,"orthographic":true}