{"cameraMode":{"drawMode":0,"name":"Shaded","section":"Shading Mode"},"sceneLighting":false,"audioPlay":false,"sceneViewState":{"showFog":true,"showMaterialUpdate":false,"showSkybox":false,"showFlares":true,"showImageEffects":true,"showParticleSystems":true},"in2DMode":false,"pivot":{"x":-1.3714600801467896,"y":-4.4152116775512699,"z":-3.6911673545837404},"rotation":{"x":-0.5707820653915405,"y":-0.059730637818574908,"z":0.04168560728430748,"w":-0.8178661465644836},"size":21.42428970336914,"orthographic":false}