{"cameraMode":{"drawMode":0,"name":"Shaded","section":"Shading Mode"},"sceneLighting":true,"audioPlay":false,"sceneViewState":{"showFog":true,"showMaterialUpdate":false,"showSkybox":true,"showFlares":true,"showImageEffects":true,"showParticleSystems":true},"in2DMode":false,"pivot":{"x":12.662893295288086,"y":35.10961151123047,"z":78.17478942871094},"rotation":{"x":0.5484746694564819,"y":0.0052215163595974449,"z":-0.0034671335015445949,"w":0.8362380266189575},"size":127.21772766113281,"orthographic":true}