{"cameraMode":{"drawMode":0,"name":"Shaded","section":"Shading Mode"},"sceneLighting":false,"audioPlay":false,"sceneViewState":{"showFog":true,"showMaterialUpdate":false,"showSkybox":false,"showFlares":true,"showImageEffects":true,"showParticleSystems":true},"in2DMode":false,"pivot":{"x":-0.636764407157898,"y":1.753908395767212,"z":-0.4026336669921875},"rotation":{"x":0.13789474964141847,"y":0.8588595986366272,"z":-0.30603891611099245,"w":0.386944055557251},"size":7.227958679199219,"orthographic":false}