{"cameraMode":{"drawMode":0,"name":"Shaded","section":"Shading Mode"},"sceneLighting":false,"audioPlay":false,"sceneViewState":{"showFog":true,"showMaterialUpdate":false,"showSkybox":false,"showFlares":true,"showImageEffects":true,"showParticleSystems":true},"in2DMode":false,"pivot":{"x":0.07523421943187714,"y":-0.14264129102230073,"z":0.021662773564457895},"rotation":{"x":0.13789474964141847,"y":0.8588595986366272,"z":-0.30603891611099245,"w":0.386944055557251},"size":0.3642209768295288,"orthographic":false}